3441575;Montevideo;Montevideo;-34.90328;-56.18816;PPLC;10;1270737
3440714;Salto;Salto;-31.38333;-57.96667;PPLA;15;99823
3441243;Paysandú;Paysandu;-32.32139;-58.07556;PPLA;11;73249
3442057;Las Piedras;Las Piedras;-34.7302;-56.21915;PPL;2;69682
3440781;Rivera;Rivera;-30.90534;-55.55076;PPLA;13;64631
3441894;Maldonado;Maldonado;-34.9;-54.95;PPLA;9;55478
3440034;Tacuarembó;Tacuarembo;-31.71694;-55.98111;PPLA;18;51854
3441702;Melo;Melo;-32.37028;-54.1675;PPLA;3;51023
3441684;Mercedes;Mercedes;-33.2524;-58.03047;PPLA;17;42359
3443758;Artigas;Artigas;-30.4;-56.46667;PPLA;1;41909
3441665;Minas;Minas;-34.37589;-55.23771;PPLA;8;38025
3440639;San José de Mayo;San Jose de Mayo;-34.3375;-56.71361;PPLA;16;36529
3442727;Durazno;Durazno;-33.38056;-56.52361;PPLA;5;33926
3442585;Florida;Florida;-34.09556;-56.21417;PPLA;7;32234
3439781;Treinta y Tres;Treinta y Tres;-33.23333;-54.38333;PPLA;19;25653
3440777;Rocha;Rocha;-34.48333;-54.33333;PPLA;14;25515
3440696;San Carlos;San Carlos;-34.79123;-54.91824;PPL;9;24938
3441354;Pando;Pando;-34.71716;-55.9584;PPL;2;24047
3442568;Fray Bentos;Fray Bentos;-33.12194;-58.30306;PPLA;12;23279
3443013;Colonia del Sacramento;Colonia del Sacramento;-34.46262;-57.83976;PPLA;4;21714
3439748;Trinidad;Trinidad;-33.5165;-56.89957;PPLA;6;21429
3439749;Trinidad;Trinidad;-33.53889;-56.88861;PPL;6;21093
3442098;La Paz;La Paz;-34.76031;-56.2259;PPL;2;19913
3443413;Canelones;Canelones;-34.52278;-56.27778;PPLA;2;19698
3442778;Delta del Tigre;Delta del Tigre;-34.76488;-56.3645;PPL;16;17973
3443341;Carmelo;Carmelo;-34.00023;-58.28402;PPL;4;16921
3440571;Santa Lucía;Santa Lucia;-34.45333;-56.39056;PPL;2;16438
3440963;Progreso;Progreso;-34.66737;-56.21758;PPL;2;15973
3439525;Young;Young;-32.69844;-57.62693;PPL;12;15924
3442750;Dolores;Dolores;-33.53009;-58.21701;PPL;17;15880
3441292;Paso de Carrasco;Paso de Carrasco;-34.86028;-56.05222;PPL;2;15393
3440791;Río Branco;Rio Branco;-32.59802;-53.38583;PPL;3;13567
3442206;Juan L. Lacaze;Juan L. Lacaze;-34.43333;-57.41667;PPL;4;13223
3441273;Paso de los Toros;Paso de los Toros;-32.81667;-56.51667;PPL;18;13221
3443631;Bella Unión;Bella Union;-30.25966;-57.59919;PPL;1;13171
3443061;Chuy;Chuy;-33.69707;-53.46162;PPL;14;10485
3441483;Nueva Helvecia;Nueva Helvecia;-34.3;-57.23333;PPL;4;10054
3441481;Nueva Palmira;Nueva Palmira;-33.86999;-58.40796;PPL;4;9335
3441988;Libertad;Libertad;-34.63459;-56.61739;PPL;16;9311
3440747;Rosario;Rosario;-34.31667;-57.35;PPL;4;9308
3480820;Colonia Nicolich;Colonia Nicolich;-34.81516;-56.02435;PPL;2;8902
3441074;Piriápolis;Piriapolis;-34.86287;-55.27471;PPL;9;7968
3443289;Castillos;Castillos;-34.19871;-53.85919;PPL;14;7686
3439787;Tranqueras;Tranqueras;-31.2;-55.75;PPL;13;7474
3440400;Sarandí del Yi;Sarandi del Yi;-33.35;-55.63333;PPL;5;7367
3440939;Punta del Este;Punta del Este;-34.94747;-54.93382;PPL;9;7234
3441358;Pan de Azúcar;Pan de Azucar;-34.7787;-55.23582;PPL;9;7180
3440596;San Ramón;San Ramon;-34.29155;-55.95571;PPL;2;7008
3442071;Lascano;Lascano;-33.67235;-54.2065;PPL;14;6976
3440394;Sarandí Grande;Sarandi Grande;-33.73333;-56.33333;PPL;7;6441
3442236;Joaquín Suárez;Joaquin Suarez;-34.73501;-56.0347;PPL;2;6257
3439902;Tarariras;Tarariras;-34.26555;-57.61866;PPL;4;6069
3440379;Sauce;Sauce;-34.64855;-56.06295;PPL;2;5910
3442221;José Pedro Varela;Jose Pedro Varela;-33.45451;-54.53586;PPL;8;5388
3442398;Guichón;Guichon;-32.35846;-57.19778;PPL;11;5051
3440021;Tala;Tala;-34.34349;-55.76375;PPL;2;4949
3480822;Barra de Carrasco;Barra de Carrasco;-34.87722;-56.02972;PPL;2;4824
3443352;Cardona;Cardona;-33.87049;-57.36954;PPL;17;4712
3443737;Atlántida;Atlantida;-34.7719;-55.7584;PPL;2;4669
3439619;Vichadero;Vichadero;-31.8;-54.71667;PPL;13;4170
3439838;Toledo;Toledo;-34.73807;-56.09469;PPL;2;4056
3442683;Empalme Olmos;Empalme Olmos;-34.69753;-55.89268;PPL;2;4007
3439622;Vergara;Vergara;-32.93333;-53.95;PPL;19;3998
3440654;San Jacinto;San Jacinto;-34.54465;-55.87151;PPL;2;3954
3440554;Santa Rosa;Santa Rosa;-34.49819;-56.03795;PPL;2;3711
3442597;Florencio Sánchez;Florencio Sanchez;-33.87785;-57.37166;PPL;4;3587
3441659;Minas de Corrales;Minas de Corrales;-31.58333;-55.46667;PPL;13;3509
3441442;Ombúes de Lavalle;Ombues de Lavalle;-33.93783;-57.80959;PPL;4;3482
3442105;La Paloma;La Paloma;-34.66268;-54.16452;PPL;14;3230
3439831;Tomás Gomensoro;Tomas Gomensoro;-30.4287;-57.43609;PPL;1;2872
3440925;Quebracho;Quebracho;-31.93526;-57.9014;PPL;11;2871
3442939;Villa Constitución;Villa Constitucion;-31.06913;-57.84946;PPL;15;2846
3440063;Solís de Mataojo;Solis de Mataojo;-34.59951;-55.46808;PPL;8;2704
3439598;Villa del Carmen;Villa del Carmen;-33.25;-56.01667;PPL;5;2703
3443909;Aiguá;Aigua;-34.20498;-54.75665;PPL;9;2692
3443280;Casupá;Casupa;-34.09994;-55.64811;PPL;7;2679
3440762;Rodríguez;Rodriguez;-34.381;-56.53797;PPL;16;2588
3442299;Isidoro Noblía;Isidoro Noblia;-31.83333;-54.16667;PPL;3;2526
3443697;Baltasar Brum;Baltasar Brum;-30.71905;-57.32596;PPL;1;2517
3441476;Nuevo Berlín;Nuevo Berlin;-32.97711;-58.05166;PPL;12;2461
3442233;José Batlle y Ordóñez;Jose Batlle y Ordonez;-33.46667;-55.11667;PPL;8;2438
3442716;Ecilda Paullier;Ecilda Paullier;-34.35778;-57.04883;PPL;16;2395
3440577;Santa Clara de Olimar;Santa Clara de Olimar;-32.91667;-54.96667;PPL;19;2291
3442050;Las Toscas;Las Toscas;-34.73333;-55.71667;PPL;2;2287
3441674;Migues;Migues;-34.48759;-55.62793;PPL;2;2203
3442231;José Enrique Rodó;Jose Enrique Rodo;-33.69618;-57.53153;PPL;17;2143
3441954;Los Cerrillos;Los Cerrillos;-34.605;-56.35639;PPL;2;2100
3443644;Belén;Belen;-30.78716;-57.77577;PPL;15;2033
3480825;Pajas Blancas;Pajas Blancas;-34.80167;-56.33417;PPL;10;2000
3441377;Palmitas;Palmitas;-33.50719;-57.80079;PPL;17;1979
3440698;San Bautista;San Bautista;-34.44016;-55.95861;PPL;2;1905
3439659;25 de Mayo;25 de Mayo;-34.18917;-56.33944;PPL;7;1839
3439661;25 de Agosto;25 de Agosto;-34.41167;-56.40222;PPL;7;1799
3440076;Soca;Soca;-34.68432;-55.702;PPL;2;1742
3440653;San Javier;San Javier;-32.66523;-58.1332;PPL;12;1701
3441803;Mariscala;Mariscala;-34.04085;-54.77732;PPL;8;1695
3441577;Montes;Montes;-34.49339;-55.56219;PPL;2;1687
3443256;Cebollatí;Cebollati;-33.26703;-53.79425;PPL;14;1624
3442106;La Paloma;La Paloma;-32.71667;-55.6;PPL;5;1567
3443952;Aceguá;Acegua;-31.86667;-54.2;PPL;3;1501
3440541;Santiago Vázquez;Santiago Vazquez;-34.79028;-56.35;PPL;10;1468
3440705;San Antonio;San Antonio;-34.4513;-56.08036;PPL;2;1453
3443183;Alejandro Gallinal;Alejandro Gallinal;-33.86252;-55.54264;PPL;7;1354
3440581;Santa Bernardina;Santa Bernardina;-33.36667;-56.48333;PPL;5;1340
3442238;Juanicó;Juanico;-34.59454;-56.25334;PPL;2;1339
3480812;Puntas de Valdéz;Puntas de Valdez;-34.5855;-56.70097;PPL;16;1312
3443356;Cardal;Cardal;-34.29056;-56.38889;PPL;7;1291
3440879;Rafael Perazza;Rafael Perazza;-34.52335;-56.7971;PPL;16;1274
3442766;Dieciocho de Julio;Dieciocho de Julio;-33.68216;-53.55325;PPL;14;1202
3440055;Villa Soriano;Villa Soriano;-33.39811;-58.32177;PPL;17;1195
3439725;Tupambaé;Tupambae;-32.83333;-54.76667;PPL;3;1189
3443588;Blanquillo;Blanquillo;-32.76667;-55.63333;PPL;5;1170
3440684;San Félix;San Felix;-32.33333;-58.13333;PPL;11;1161
3441114;Piedras Coloradas;Piedras Coloradas;-32.37183;-57.60901;PPL;11;1120
3442138;La Floresta;La Floresta;-34.75572;-55.68141;PPL;2;1107
3443928;Aguas Corrientes;Aguas Corrientes;-34.52194;-56.39361;PPL;2;1101
3439652;Velázquez;Velazquez;-34.03631;-54.28054;PPL;14;1090
3439590;Villa Sara;Villa Sara;-33.2534;-54.41947;PPL;19;1071
3440580;Santa Catalina;Santa Catalina;-33.791;-57.48824;PPL;17;1067
3440985;Estación Porvenir;Estacion Porvenir;-32.36653;-57.85915;PPL;11;1055
3442803;Curtina;Curtina;-32.15;-56.11667;PPL;18;1053
3443342;Carlos Reyles;Carlos Reyles;-33.01667;-56.48333;PPL;5;1036
6691980;Punta del Diablo;Punta del Diablo;-34.04583;-53.5405;PPL;14;300
3439494;Zapucay;Zapucay;-31.8;-55.33333;PPL;18;0
3439497;Zapicán;Zapican;-33.51667;-54.91667;PPL;8;0
3439501;Zapará;Zapara;-31.69381;-56.03819;PPL;18;0
3439513;Zanja Honda;Zanja Honda;-33.79438;-57.55113;PPL;17;0
3439514;Zanja Honda;Zanja Honda;-31.81667;-54.66667;PPL;13;0
3439515;Zanja Honda;Zanja Honda;-31.21667;-55.66667;PPL;13;0
3439555;Yacot;Yacot;-30.25;-56.85;PPL;1;0
3439565;Wenceslao Silveira;Wenceslao Silveira;-32.51667;-54.58333;PPL;10;0
3439566;Vuelta del Palmar;Vuelta del Palmar;-34.19786;-53.7867;PPL;14;0
3439583;Villa Viñoles;Villa Vinoles;-32.2;-54.06667;PPL;3;0
3439584;Villa Vieja;Villa Vieja;-34.05837;-56.36729;PPL;7;0
3439585;Villa Serrana;Villa Serrana;-34.3184;-54.9836;PPL;8;0
3439591;Villa Passano;Villa Passano;-33.29073;-53.90075;PPL;19;0
3439592;Villa Nueva;Villa Nueva;-34.6;-56.13333;PPL;2;0
3439595;Villa Elisa;Villa Elisa;-32.33333;-57.05;PPL;12;0
3439597;Villa del Cerro;Villa del Cerro;-34.89441;-56.25292;PPL;10;0
3439599;Villa Alejandrina;Villa Alejandrina;-33.76667;-58.35;PPL;17;0
3439608;Victoria;Victoria;-34.88333;-56.23333;PPL;10;0
3439627;Verdún;Verdun;-32.66667;-55.45;PPL;5;0
3439638;Cerros de Vera;Cerros de Vera;-31.59924;-56.81058;PPL;15;0
3439655;Vejigas;Vejigas;-34.28333;-55.23333;PPL;8;0
3439671;Barra de Valizas;Barra de Valizas;-34.33611;-53.79582;PPL;14;0
3439681;Valentines;Valentines;-33.26667;-55.11667;PPL;19;0
3439682;Valentines;Valentines;-33.26667;-55.1;PPL;19;0
3439689;Valentín Grande;Valentin Grande;-31.27347;-57.15684;PPL;15;0
3439696;Valdense;Valdense;-34.33333;-57.23333;PPL;4;0
3439706;Uruguay;Uruguay;-32.48333;-53.51667;PPL;3;0
3439740;Tropezón;Tropezon;-34.4;-56.53333;PPL;16;0
3439754;Tres Islas;Tres Islas;-32.51667;-54.68333;PPL;10;0
3439756;Tres Esquinas;Tres Esquinas;-34.08333;-57.38333;PPL;4;0
3439767;Tres Cerros;Tres Cerros;-31.36667;-55.66667;PPL;13;0
3439768;Tres Cerros;Tres Cerros;-30.95;-56.65;PPL;1;0
3439772;Tres Bocas;Tres Bocas;-33.73333;-57.83333;PPL;12;0
3439773;Tres Bocas;Tres Bocas;-31.88333;-57.48333;PPL;11;0
3439778;Tres Árboles;Tres Arboles;-32.4;-56.71667;PPL;12;0
3439788;Tranqueras;Tranqueras;-31.16667;-55.75;PPL;13;0
3439803;Totoral del Sauce;Totoral del Sauce;-34.66091;-55.99327;PPL;2;0
3439817;Toro Negro;Toro Negro;-31.35;-56.63333;PPL;15;0
3439827;Topador;Topador;-30.29455;-56.82184;PPL;1;0
3439829;Tomás Paz;Tomas Paz;-31.63282;-57.69628;PPL;11;0
3439839;Toledo;Toledo;-32.53333;-54.56667;PPL;10;0
3439840;Toledo;Toledo;-32.5;-54.01667;PPL;3;0
3439883;Tiatucurá;Tiatucura;-32.34021;-56.54566;PPL;11;0
3439889;Termas del Arapey;Termas del Arapey;-30.9475;-57.52087;PPL;15;0
3439897;Tarumán;Taruman;-30.47362;-56.66771;PPL;1;0
3439904;Estación Tapia;Estacion Tapia;-34.56768;-55.75113;PPL;2;0
3439925;Tambores;Tambores;-31.87743;-56.24438;PPL;18;0
3439928;Tamanduá;Tamandua;-30.46433;-56.50699;PPL;1;0
3440045;Soto;Soto;-31.9713;-57.55963;PPL;11;0
3440046;Soto;Soto;-31.98333;-54.16667;PPL;3;0
3440047;Soto;Soto;-31.03333;-56.6;PPL;15;0
3440068;Solís;Solis;-34.33333;-55.45;PPL;8;0
3440087;Sierra de Lunarejo;Sierra de Lunarejo;-31.23333;-55.88333;PPL;13;0
3440092;Pueblo Sequeira;Pueblo Sequeira;-30.9892;-56.87044;PPL;1;0
3440099;Scavino;Scavino;-34.37058;-57.04369;PPL;16;0
3440102;Sayago;Sayago;-34.83333;-56.23333;PPL;10;0
3440114;Sauzal;Sauzal;-30.93333;-55.55;PPL;13;0
3440115;Sauce Solo de Río Negro;Sauce Solo de Rio Negro;-32.1;-54.86667;PPL;18;0
3440135;Saucedo;Saucedo;-31.10761;-57.52928;PPL;15;0
3440138;Sauce del Queguay;Sauce del Queguay;-32.09158;-57.61172;PPL;11;0
3440145;Sauce del Yi;Sauce del Yi;-33.46667;-55.61667;PPL;7;0
3440380;Sauce;Sauce;-33.2;-56.78333;PPL;5;0
3440381;Sauce;Sauce;-31.51667;-57.58333;PPL;15;0
3440397;Sarandí de Navarro;Sarandi de Navarro;-32.54365;-56.86579;PPL;12;0
3440411;Sarandí de Gutiérrez;Sarandi de Gutierrez;-33.53333;-54.6;PPL;8;0
3440413;Sarandí de Cuaró;Sarandi de Cuaro;-30.87418;-56.65978;PPL;1;0
3440414;Sarandí de Cebollatí;Sarandi de Cebollati;-33.71667;-54.53333;PPL;8;0
3440417;Sarandí de Aceguá;Sarandi de Acegua;-32.01667;-54.2;PPL;3;0
3440530;Sarandí;Sarandi;-33.95;-57.9;PPL;4;0
3440531;Sarandí;Sarandi;-32.48333;-53.71667;PPL;3;0
3440532;Sarandí del Arapey;Sarandi del Arapey;-30.9875;-56.21537;PPL;15;0
3440549;Santa Teresa;Santa Teresa;-34.43333;-57.71667;PPL;4;0
3440569;Santa Lucía del Este;Santa Lucia del Este;-34.78931;-55.53652;PPL;2;0
3440572;Santa Fernandina;Santa Fernandina;-31.55;-55.55;PPL;13;0
3440584;Santa Ana;Santa Ana;-34.79525;-55.48308;PPL;2;0
3440589;San Servando;San Servando;-32.63333;-53.3;PPL;3;0
3440597;San Rafael;San Rafael;-34.92965;-54.89811;PPL;9;0
3440604;San Pedro;San Pedro;-34.35;-57.85;PPL;4;0
3440616;San Martín;San Martin;-33.75;-57.61667;PPL;17;0
3440617;San Luis al Medio;San Luis al Medio;-33.60349;-53.71658;PPL;14;0
3440622;San Luis;San Luis;-34.7686;-55.59069;PPL;2;0
3440626;San Luis;San Luis;-31.56667;-54.55;PPL;13;0
3440627;San Luis;San Luis;-30.91667;-56.3;PPL;15;0
3440637;San Juan;San Juan;-33.93333;-57.46667;PPL;4;0
3440640;San José de las Cañas;San Jose de las Canas;-32.83333;-55.48333;PPL;5;0
3440652;San Jorge;San Jorge;-32.86667;-55.91667;PPL;5;0
3440656;San Gregorio de Polanco;San Gregorio de Polanco;-32.61667;-55.83333;PPL;18;0
3440666;San Gregorio;San Gregorio;-33.93355;-56.75605;PPL;16;0
3440674;San Gabriel;San Gabriel;-34.05;-55.88333;PPL;7;0
3440685;San Dios;San Dios;-33.86667;-57.51667;PPL;17;0
3440686;San Díos;San Dios;-33.10088;-57.75736;PPL;17;0
3440688;Sánchez Grande;Sanchez Grande;-32.83333;-57.71667;PPL;12;0
3440692;Sánchez;Sanchez;-32.8138;-57.755;PPL;12;0
3440706;San Antonio;San Antonio;-31.35127;-57.75903;PPL;15;0
3440722;Salinas;Salinas;-34.77731;-55.83954;PPL;2;0
3440726;Salamanca;Salamanca;-34.16667;-54.66667;PPL;9;0
3440731;Saca Chispas;Saca Chispas;-33.16667;-57.58333;PPL;17;0
3440732;Saca Chispas;Saca Chispas;-31.86667;-57.28333;PPL;11;0
3440756;Rolón;Rolon;-33.11667;-55.98333;PPL;5;0
3440757;Rolón;Rolon;-32.63731;-56.89082;PPL;12;0
3440758;Roja;Roja;-33.21667;-56.68333;PPL;5;0
3440785;Risso;Risso;-33.62168;-57.57275;PPL;17;0
3440792;Rincón de Yaguarí;Rincon de Yaguari;-31.81667;-55.18333;PPL;18;0
3440793;Rincón de Vidal;Rincon de Vidal;-34.38333;-56.38333;PPL;2;0
3440794;Rincón de Velázquez;Rincon de Velazquez;-34.4;-56.33333;PPL;2;0
3440795;Rincón de Valentín;Rincon de Valentin;-31.28066;-57.20176;PPL;15;0
3440796;Rincón de Py;Rincon de Py;-32.5;-54.41667;PPL;3;0
3440797;Rincón de Pacheco;Rincon de Pacheco;-30.70537;-56.16263;PPL;1;0
3440798;Rincón de Moraes;Rincon de Moraes;-31.3;-55.86667;PPL;13;0
3440800;Rincón del Pino;Rincon del Pino;-34.50326;-56.83483;PPL;16;0
3440801;Rincón de los Olivera;Rincon de los Olivera;-34.30303;-53.84793;PPL;14;0
3440802;Rincón de los Negros;Rincon de los Negros;-32.71667;-57.46667;PPL;12;0
3440803;Rincón del Cololó;Rincon del Cololo;-33.08333;-57.43333;PPL;17;0
3440805;Rincón del Bonete;Rincon del Bonete;-32.8;-56.41667;PPL;5;0
3440806;Rincón de la Aldea;Rincon de la Aldea;-31.75;-56.06667;PPL;18;0
3440807;Rincón de Gutiérrez;Rincon de Gutierrez;-33.2;-54.75;PPL;19;0
3440808;Rincón de Cuadra;Rincon de Cuadra;-33.38333;-56.41667;PPL;5;0
3440809;Rincón de Coronel;Rincon de Coronel;-32.7;-53.96667;PPL;3;0
3440822;Rincón;Rincon;-32.78333;-53.83333;PPL;19;0
3440823;Riffó;Riffo;-34.53333;-56.3;PPL;2;0
3440830;Riachuelo;Riachuelo;-34.46667;-57.71667;PPL;4;0
3440831;Reynold;Reynold;-33.06667;-55.85;PPL;5;0
3440855;Reboledo;Reboledo;-33.99113;-55.64742;PPL;7;0
3440857;Real de San Carlos;Real de San Carlos;-34.43333;-57.88333;PPL;4;0
3440864;Rancherío Tejera;Rancherio Tejera;-33.33333;-56.46667;PPL;5;0
3440866;Ramos;Ramos;-31.28333;-56.43333;PPL;15;0
3440867;Ramón Trigo;Ramon Trigo;-32.38333;-54.66667;PPL;3;0
3440868;Ramón Saravia;Ramon Saravia;-33.01667;-55.05;PPL;8;0
3440878;Raigón;Raigon;-34.34024;-56.66299;PPL;16;0
3440880;Radial Conchillas;Radial Conchillas;-34.1;-58;PPL;4;0
3440892;Quintana;Quintana;-31.34473;-56.39752;PPL;15;0
3440898;Quiebra Yugos;Quiebra Yugos;-31.66667;-56.16667;PPL;18;0
3440924;Quebracho;Quebracho;-32.68333;-54.63333;PPL;3;0
3440927;Puntas Duraznito;Puntas Duraznito;-33.65;-57.53333;PPL;17;0
3440929;Puntas de Maciel;Puntas de Maciel;-33.6;-56.35;PPL;7;0
3440930;Puntas del Tala;Puntas del Tala;-33.38333;-57.55;PPL;17;0
3440931;Puntas del Sauce;Puntas del Sauce;-33.82146;-57.0195;PPL;6;0
3440932;Puntas del Parao;Puntas del Parao;-32.75;-54.4;PPL;3;0
3440934;Puntas de Corrales;Puntas de Corrales;-31.31667;-55.2;PPL;13;0
3440935;Puntas de Cañas;Puntas de Canas;-31.63333;-56.91667;PPL;15;0
3440936;Puntas de Cañada Grande;Puntas de Canada Grande;-34.40789;-56.73915;PPL;16;0
3440937;Puntas del Buricayupí;Puntas del Buricayupi;-31.86284;-57.34286;PPL;11;0
3440942;Punta Carretas;Punta Carretas;-34.92278;-56.15972;PPL;10;0
3440947;Puerto Platero;Puerto Platero;-34.45;-57.6;PPL;4;0
3440948;Puerto Amaro;Puerto Amaro;-32.75;-53.48333;PPL;3;0
3440951;Dieciocho de Julio;Dieciocho de Julio;-34.44238;-56.44296;PPL;16;0
3440952;Pueblo Ferrocarril;Pueblo Ferrocarril;-34.8;-56.21667;PPL;10;0
3440953;Pueblo del Sauce;Pueblo del Sauce;-33.68333;-54.65;PPL;8;0
3440954;Pueblo de la Arena;Pueblo de la Arena;-33.03333;-57;PPL;5;0
3440955;Pueblo de Barro;Pueblo de Barro;-32.05;-55.38333;PPL;18;0
3440956;Pueblo de Arriba;Pueblo de Arriba;-31.75;-55.46667;PPL;18;0
3440957;Pueblo Cuchilla;Pueblo Cuchilla;-32.08333;-56.86667;PPL;11;0
3440958;Conciliación;Conciliacion;-34.83333;-56.23333;PPL;10;0
3440959;Pueblo Centenario;Pueblo Centenario;-32.86667;-56.46667;PPL;5;0
3440984;Porvenir;Porvenir;-32.39273;-57.96961;PPL;11;0
3441000;Polanco Sur;Polanco Sur;-33.89828;-55.16725;PPL;8;0
3441003;Polanco del Yi;Polanco del Yi;-33.48333;-56.15;PPL;7;0
3441004;Polanco de Ibargoyen;Polanco de Ibargoyen;-33.93333;-55.26667;PPL;8;0
3441009;Polanco Norte;Polanco Norte;-33.87517;-55.12167;PPL;8;0
3441012;Poblado Zapucay;Poblado Zapucay;-31.71667;-55.33333;PPL;13;0
3441013;Poblado Zambullón;Poblado Zambullon;-32.03333;-55.78333;PPL;18;0
3441014;Poblado Varese;Poblado Varese;-31.3;-57.15;PPL;15;0
3441015;Poblado Sosa;Poblado Sosa;-31.23333;-57.11667;PPL;15;0
3441016;Poblado Segarra;Poblado Segarra;-31.5;-55.16667;PPL;13;0
3441017;Sauce de Tranqueras;Sauce de Tranqueras;-31.85155;-55.92538;PPL;18;0
3441018;Poblado Sauce de Batoví;Poblado Sauce de Batovi;-31.91667;-56.01667;PPL;18;0
3441019;Poblado San Ramón;Poblado San Ramon;-31.96667;-55.05;PPL;18;0
3441020;Poblado San Benito;Poblado San Benito;-32.46667;-56.16667;PPL;18;0
3441021;Poblado Rolón;Poblado Rolon;-32.33333;-55.96667;PPL;18;0
3441022;Poblado Rivera Chico;Poblado Rivera Chico;-32.03333;-55.66667;PPL;18;0
3441023;Poblado Rincón de los Muchadas;Poblado Rincon de los Muchadas;-32.21667;-56.01667;PPL;18;0
3441024;Poblado Rincón de la Laguna;Poblado Rincon de la Laguna;-32;-55.48333;PPL;11;0
3441025;Poblado Rincón de la Bolsa;Poblado Rincon de la Bolsa;-31.81667;-55.91667;PPL;18;0
3441026;Poblado Rincón de Giloca;Poblado Rincon de Giloca;-31.83333;-55.76667;PPL;18;0
3441027;Poblado Paso Hondo;Poblado Paso Hondo;-32.33333;-55.88333;PPL;18;0
3441028;Poblado Montevideo Chico;Poblado Montevideo Chico;-32.21667;-55.6;PPL;18;0
3441029;Martinote;Martinote;-31.87654;-55.97678;PPL;18;0
3441030;Poblado los Silveira;Poblado los Silveira;-32.26667;-54.91667;PPL;18;0
3441031;Poblado Los Rodríguez;Poblado Los Rodriguez;-31.76667;-56.25;PPL;11;0
3441032;Poblado Los Laureles;Poblado Los Laureles;-32.5;-56.03333;PPL;18;0
3441033;Poblado Los Grozos;Poblado Los Grozos;-31.85;-56;PPL;18;0
3441034;Poblado Los Gómez;Poblado Los Gomez;-32.18333;-55.03333;PPL;18;0
3441035;Poblado Los García;Poblado Los Garcia;-32.15;-54.95;PPL;18;0
3441036;Poblado Los Coitinhos;Poblado Los Coitinhos;-31.83333;-55.98333;PPL;18;0
3441037;Poblado la Villa;Poblado la Villa;-31.36667;-55.08333;PPL;13;0
3441038;Poblado Lavalleja;Poblado Lavalleja;-31.81667;-55.96667;PPL;18;0
3441039;Poblado Laureles;Poblado Laureles;-31.38333;-55.86667;PPL;18;0
3441040;Poblado Laura;Poblado Laura;-32.15;-54.88333;PPL;18;0
3441041;Poblado Las Chircas;Poblado Las Chircas;-32.38333;-55.06667;PPL;18;0
3441042;Poblado Las Arenas;Poblado Las Arenas;-32.01667;-55.06667;PPL;18;0
3441043;Poblado La Morcona;Poblado La Morcona;-32.18333;-56.06667;PPL;18;0
3441044;Poblado Lambari;Poblado Lambari;-31.51667;-55.96667;PPL;18;0
3441045;Poblado La Humedad;Poblado La Humedad;-32.05;-54.86667;PPL;18;0
3441046;Poblado La Hilera;Poblado La Hilera;-32.08333;-55.65;PPL;18;0
3441047;Poblado La Chilca;Poblado La Chilca;-32.05;-54.63333;PPL;18;0
3441048;Guaviyú de Arapey;Guaviyu de Arapey;-31.03151;-56.63219;PPL;15;0
3441049;Poblado Goyo Martínez;Poblado Goyo Martinez;-31.9;-55.88333;PPL;18;0
3441050;Poblado Godoy;Poblado Godoy;-31.76667;-56.01667;PPL;18;0
3441051;Echeverry;Echeverry;-31.69363;-55.96547;PPL;18;0
3441052;Poblado del Turupí;Poblado del Turupi;-32.18333;-55.28333;PPL;18;0
3441053;Poblado de los Morales;Poblado de los Morales;-32.4;-55.35;PPL;18;0
3441054;Poblado de los Cuadrados;Poblado de los Cuadrados;-32.16667;-55.95;PPL;18;0
3441055;Poblado del Minuano;Poblado del Minuano;-32.45;-55.03333;PPL;18;0
3441056;Poblado de Heriberto;Poblado de Heriberto;-31.81667;-55.5;PPL;18;0
3441057;Poblado de Castro;Poblado de Castro;-32.83333;-56.43333;PPL;5;0
3441058;Poblado Cerro del Pastoreo;Poblado Cerro del Pastoreo;-31.7;-56.1;PPL;18;0
3441059;Poblado Cerro Chato;Poblado Cerro Chato;-32.45;-56.03333;PPL;18;0
3441060;Poblado Cerro Batoví;Poblado Cerro Batovi;-31.88333;-56;PPL;18;0
3441061;Poblado Celeste;Poblado Celeste;-31.3;-57.06667;PPL;15;0
3441062;Poblado Berruti;Poblado Berruti;-31.43333;-55.23333;PPL;13;0
3441063;Poblado Batoví;Poblado Batovi;-31.91667;-55.93333;PPL;18;0
3441064;Playa Verde;Playa Verde;-34.83243;-55.30597;PPL;9;0
3441068;Platón;Platon;-31;-55.68333;PPL;13;0
3441071;Plácido Rosas;Placido Rosas;-32.75;-53.73333;PPL;3;0
3441076;Pirarajá;Piraraja;-33.73333;-54.75;PPL;8;0
3441080;Pueblo Pintos;Pueblo Pintos;-33.88403;-56.83838;PPL;6;0
3441082;Pintado Grande;Pintado Grande;-30.51582;-56.42298;PPL;1;0
3441087;Pintado;Pintado;-33.83465;-56.30698;PPL;7;0
3441091;Piñera;Pinera;-32.3269;-57.0486;PPL;11;0
3441092;Pinchazo;Pinchazo;-31.3;-57.1;PPL;15;0
3441097;Piedritas;Piedritas;-34.33333;-55.65;PPL;2;0
3441102;Piedra Sola;Piedra Sola;-32.08292;-56.30978;PPL;11;0
3441111;Piedras de Afilar;Piedras de Afilar;-34.74189;-55.51894;PPL;2;0
3441147;Piedra Pintada;Piedra Pintada;-30.52417;-56.35267;PPL;1;0
3441150;Piedra del Toro;Piedra del Toro;-34.69465;-55.85709;PPL;2;0
3441196;Peralta;Peralta;-32.49382;-56.36115;PPL;18;0
3441198;Pepe Núñez;Pepe Nunez;-31.4543;-56.38677;PPL;15;0
3441205;Peñarol;Penarol;-34.81667;-56.18333;PPL;10;0
3441206;Peñarol;Penarol;-31.78333;-54.33333;PPL;3;0
3441230;Pedrera;Pedrera;-34.58333;-55.83333;PPL;2;0
3441239;Pedernal;Pedernal;-34.36667;-55.78333;PPL;2;0
3441247;Pavón;Pavon;-34.31169;-56.90439;PPL;16;0
3441258;Paso Toscas;Paso Toscas;-34.45;-56.25;PPL;2;0
3441259;Paso de Soca;Paso de Soca;-32.63347;-56.73475;PPL;12;0
3441260;Paso del Potrero;Paso del Potrero;-31.43802;-56.83835;PPL;15;0
3441261;Paso Pereira;Paso Pereira;-32.46667;-55.23333;PPL;3;0
3441266;Paso Francos;Paso Francos;-34.45;-56.28333;PPL;2;0
3441267;Paso de Piriz;Paso de Piriz;-33.05;-54.06667;PPL;19;0
3441268;Paso de Pache;Paso de Pache;-34.39908;-56.28157;PPL;2;0
3441269;Paso del Tapado;Paso del Tapado;-31.25;-55.33333;PPL;13;0
3441271;Paso del Parque;Paso del Parque;-31.9;-54.78333;PPL;18;0
3441274;Los Mellizos;Los Mellizos;-32.51977;-57.15907;PPL;12;0
3441275;Paso de los Carros;Paso de los Carros;-31.98025;-57.43236;PPL;11;0
3441276;Paso de León;Paso de Leon;-30.12703;-57.0882;PPL;1;0
3441279;Paso del Cerro;Paso del Cerro;-31.51667;-55.76667;PPL;18;0
3441280;Paso del Centurión;Paso del Centurion;-32.16667;-53.75;PPL;3;0
3441281;Paso del Bañado;Paso del Banado;-34.2;-53.93333;PPL;14;0
3441282;Paso de las Piedras;Paso de las Piedras;-32.51667;-53.48333;PPL;3;0
3441283;Paso de las Piedras;Paso de las Piedras;-31.66667;-56.63333;PPL;15;0
3441284;Paso de las Carretas;Paso de las Carretas;-31.56344;-56.04824;PPL;18;0
3441285;Paso de la Laguna;Paso de la Laguna;-30.96667;-57.53333;PPL;15;0
3441286;Paso de la Horqueta;Paso de la Horqueta;-34.2;-57.86667;PPL;4;0
3441287;Paso de la Cadena;Paso de la Cadena;-34.44227;-56.14835;PPL;2;0
3441289;Paso de Ceferino;Paso de Ceferino;-31.51973;-56.07664;PPL;18;0
3441290;Paso de Antolín;Paso de Antolin;-34.2;-57.78333;PPL;4;0
3441291;Paso Cementerio;Paso Cementerio;-31.39919;-56.74363;PPL;15;0
3441294;Paso Ataques;Paso Ataques;-31.1;-55.66667;PPL;13;0
3441308;Parallé;Paralle;-34.22154;-54.31612;PPL;14;0
3441316;Parada Herrería;Parada Herreria;-31.36698;-57.79234;PPL;15;0
3441370;Palomas;Palomas;-31.08087;-57.60934;PPL;15;0
3441384;Palma Sola;Palma Sola;-30.68333;-57.51667;PPL;1;0
3441391;Palmar de Quebracho;Palmar de Quebracho;-31.89002;-57.7339;PPL;11;0
3441392;Palmar de Castillos;Palmar de Castillos;-34.26608;-53.93506;PPLL;14;0
3441399;Palma;Palma;-30.6;-57.68333;PPL;1;0
3441414;Pajas Blancas;Pajas Blancas;-34.86751;-56.33345;PPL;10;0
3441420;Paguero;Paguero;-30.63738;-56.76862;PPL;1;0
3441421;Padula;Padula;-33;-53.63333;PPL;19;0
3441436;Oribe;Oribe;-31.5;-57.11667;PPL;15;0
3441437;Orgoroso;Orgoroso;-32.38001;-57.51733;PPL;11;0
3441438;Ordeig;Ordeig;-34.70402;-56.70715;PPL;16;0
3441439;Oratorio;Oratorio;-33.98333;-53.98333;PPL;14;0
3441441;Ombúes de Oribe;Ombues de Oribe;-33.3;-56.35;PPL;5;0
3441456;Olivera;Olivera;-31.11902;-56.87805;PPL;15;0
3441475;Nuevo París;Nuevo Paris;-34.85;-56.23333;PPL;10;0
3441484;Nueva Carrara;Nueva Carrara;-34.71805;-55.2623;PPL;9;0
3441499;Nico Pérez;Nico Perez;-33.48333;-55.15;PPL;7;0
3441540;Nando;Nando;-32.16667;-54.11667;PPL;3;0
3441544;Musi;Musi;-31.08333;-56.51667;PPL;15;0
3441556;Mouriño;Mourino;-32.9;-56.13333;PPL;5;0
3441562;Morató;Morato;-32.37904;-56.69789;PPL;11;0
3441570;Montevideo Chico;Montevideo Chico;-32.25;-56.51667;PPL;11;0
3441597;Molles del Pescado;Molles del Pescado;-33.46667;-55.2;PPL;7;0
3441600;Molles Chico;Molles Chico;-33.5;-55.21667;PPL;7;0
3441637;Molles;Molles;-33.05;-56.48333;PPL;5;0
3441643;Moirones;Moirones;-31.63333;-55;PPL;13;0
3441653;Minuano;Minuano;-34.35;-57.43333;PPL;4;0
3441654;Minuano;Minuano;-32.06667;-53.76667;PPL;3;0
3441679;Miguelete;Miguelete;-34.00646;-57.64792;PPL;4;0
3441681;Merinos;Merinos;-32.38486;-56.90429;PPL;11;0
3441686;Mendoza Chico;Mendoza Chico;-34.23755;-56.21667;PPL;7;0
3441691;Mendoza;Mendoza;-34.28211;-56.21441;PPL;7;0
3441692;Mendizabal;Mendizabal;-33.05;-54.15;PPL;19;0
3441695;Menafra;Menafra;-32.55823;-57.48456;PPL;12;0
3441742;Medina;Medina;-33.11667;-54.83333;PPL;19;0
3441744;Mederos;Mederos;-32.9;-55.23333;PPL;3;0
3441764;Mataojo Chico;Mataojo Chico;-31.18333;-56.28333;PPL;15;0
3441781;Mataojo;Mataojo;-34.5;-56.38333;PPL;2;0
3441782;Pueblo Fernández;Pueblo Fernandez;-31.17853;-56.3676;PPL;15;0
3441789;Masoller;Masoller;-31.08122;-56.00453;PPL;1;0
3441795;Martín Chico;Martin Chico;-34.16121;-58.20711;PPL;4;0
3441797;Maroñas;Maronas;-34.85;-56.11667;PPL;10;0
3441807;Marincho;Marincho;-33.23333;-57.13333;PPL;6;0
3441812;María Isabel;Maria Isabel;-33.8;-54;PPL;3;0
3441813;María Cejas;Maria Cejas;-33.08333;-56.18333;PPL;5;0
3441814;María Albina;Maria Albina;-33.4;-54.68333;PPL;19;0
3441846;Mangrullo;Mangrullo;-32.11667;-54.06667;PPL;3;0
3441853;Manga;Manga;-34.81667;-56.1;PPL;10;0
3441870;Manantiales;Manantiales;-34.90452;-54.82625;PPL;9;0
3441903;Mal Abrigo;Mal Abrigo;-34.14697;-56.95265;PPL;16;0
3441909;Maguna;Maguna;-33.46667;-54.65;PPL;8;0
3441920;Machado;Machado;-33.86667;-57;PPL;17;0
3441921;Machado;Machado;-33.35;-55.61667;PPL;5;0
3441927;Lunarejo;Lunarejo;-31.1;-55.98333;PPL;13;0
3441935;Los Vásquez;Los Vasquez;-31.88333;-55.43333;PPL;18;0
3441936;Los Titanes;Los Titanes;-34.77675;-55.5756;PPL;2;0
3441937;Los Talas;Los Talas;-34.09307;-54.49056;PPL;9;0
3441938;Los Talas;Los Talas;-33.33333;-54.78333;PPL;8;0
3441939;Los Rosanos;Los Rosanos;-31.81686;-56.17583;PPL;18;0
3441940;Los Potreros;Los Potreros;-31.25;-55.95;PPL;13;0
3441944;Los Novillos;Los Novillos;-31.98333;-55.68333;PPL;18;0
3441948;Los Mezquitas;Los Mezquitas;-32.9;-56.08333;PPL;5;0
3441950;Los Furtados;Los Furtados;-32.25;-55.75;PPL;18;0
3441951;Los Furtado;Los Furtado;-32.26667;-55.9;PPL;18;0
3441952;Los Feos;Los Feos;-32.3;-55.33333;PPL;18;0
3441953;Los Cerros de San Juan;Los Cerros de San Juan;-34.18333;-57.93333;PPL;4;0
3441955;Zeballos;Zeballos;-32.04574;-57.4164;PPL;11;0
3441956;Los Camejos;Los Camejos;-33.11667;-54.81667;PPL;19;0
3441958;Los Ahogados;Los Ahogados;-33.53333;-56.93333;PPL;6;0
3441959;Los Agregados;Los Agregados;-32.78333;-55.9;PPL;5;0
3441962;Lorenzo Geyres;Lorenzo Geyres;-32.07709;-57.91681;PPL;11;0
3441977;Lluveras;Lluveras;-31.10152;-57.06414;PPL;15;0
3442010;Lavaderos;Lavaderos;-34.9;-56.1;PPL;10;0
3442031;Laureles;Laureles;-31.68333;-55.43333;PPL;13;0
3442032;Laureles;Laureles;-31.49901;-57.52548;PPL;15;0
3442033;Laureles;Laureles;-31.36667;-55.85;PPL;18;0
3442039;La Unión;La Union;-32.75;-57.75;PPL;12;0
3442040;La Tuna;La Tuna;-34.78022;-55.56485;PPL;2;0
3442044;La Tentación;La Tentacion;-32.48618;-57.74511;PPL;11;0
3442045;La Tentaciõn;La Tentacion;-32.48333;-57.75;PPL;11;0
3442047;Las Violetas;Las Violetas;-33.6;-57.13333;PPL;6;0
3442049;Las Toscas;Las Toscas;-34.76464;-55.73789;PPL;2;0
3442051;Las Toscas;Las Toscas;-32.17663;-55.0143;PPL;18;0
3442053;Las Ratas;Las Ratas;-32.08333;-54.25;PPL;3;0
3442064;Las Garzas;Las Garzas;-34.69666;-54.32469;PPL;14;0
3442066;Las Flores;Las Flores;-34.81524;-55.32709;PPL;9;0
3442067;Las Flores;Las Flores;-34.75;-55.33333;PPL;9;0
3442068;Las Flores;Las Flores;-32.39643;-57.57086;PPL;11;0
3442069;Las Flores;Las Flores;-31.81667;-55.21667;PPL;18;0
3442072;Las Cañas;Las Canas;-32.93333;-55.51667;PPL;5;0
3442073;Las Brujas;Las Brujas;-34.63333;-56.33333;PPL;2;0
3442074;Larrosa;Larrosa;-33.38333;-55.08333;PPL;8;0
3442076;Larrayos;Larrayos;-32.16667;-55.01667;PPL;18;0
3442084;La Querencia;La Querencia;-34.63333;-55.61667;PPL;2;0
3442085;Lapuente;Lapuente;-31.51667;-54.96667;PPL;13;0
3442086;Lapuente;Lapuente;-31.41667;-54.91667;PPL;13;0
3442094;La Pedrera;La Pedrera;-34.59211;-54.12352;PPL;14;0
3442095;La Pedrera;La Pedrera;-33.5;-56.86667;PPL;6;0
3442096;La Pedrera;La Pedrera;-32.35;-54.13333;PPL;3;0
3442099;La Paz;La Paz;-34.35;-57.3;PPL;4;0
3442100;La Paraguaya;La Paraguaya;-33.58333;-58.08333;PPL;17;0
3442113;La Mina;La Mina;-31.9;-54.15;PPL;3;0
3442114;La Micaela;La Micaela;-32.63333;-53.9;PPL;3;0
3442118;La Mazamorra;La Mazamorra;-32.53333;-55.5;PPL;5;0
3442119;La Macana;La Macana;-34.05;-56.2;PPL;7;0
3442121;La Lata;La Lata;-31.73333;-54.41667;PPL;3;0
3442135;La Florida;La Florida;-32.74842;-57.80226;PPL;12;0
3442139;La Estanzuela;La Estanzuela;-34.33333;-57.71667;PPL;4;0
3442140;La Esperanza;La Esperanza;-33;-55.13333;PPL;3;0
3442144;Ladrillos;Ladrillos;-33.75;-55.28333;PPL;8;0
3442146;La Cuchilla;La Cuchilla;-32.60431;-53.39175;PPL;3;0
3442149;La Cruz;La Cruz;-33.92994;-56.23849;PPL;7;0
3442150;La Coronilla;La Coronilla;-33.89671;-53.51749;PPL;14;0
3442151;La Coronilla;La Coronilla;-33.55791;-53.85803;PPL;14;0
3442153;La Chiva;La Chiva;-33.25;-54.01667;PPL;19;0
3442156;La Calera;La Calera;-31.45;-55.41667;PPL;13;0
3442157;La Calavera;La Calavera;-32.93333;-54.26667;PPL;19;0
3442158;La Bolsa;La Bolsa;-31.25;-57.2;PPL;15;0
3442159;La Bolsa;La Bolsa;-31.05211;-57.03574;PPL;15;0
3442160;La Bolsa;La Bolsa;-30.8509;-56.33978;PPL;1;0
3442162;La Barra;La Barra;-34.91196;-54.85397;PPL;9;0
3442163;La Barra;La Barra;-34.335;-53.79533;PPL;14;0
3442164;La Alegría;La Alegria;-32.6;-55.58333;PPL;5;0
3442165;Kiyú;Kiyu;-34.69412;-56.74957;PPL;16;0
3442168;Kilómetro 71;Kilometro 71;-34.36667;-56.4;PPL;7;0
3442194;Julio María Sanz;Julio Maria Sanz;-33.15;-54.15;PPL;19;0
3442199;Juan Soler;Juan Soler;-34.32319;-56.80433;PPL;16;0
3442208;Juan José Castro;Juan Jose Castro;-33.5;-56.75;PPL;6;0
3442228;José Ignacio;Jose Ignacio;-34.68333;-56.73333;PPL;16;0
3442229;José Ignacio;Jose Ignacio;-34.84428;-54.63733;PPL;9;0
3442239;Jiménez;Jimenez;-33;-55.78333;PPL;5;0
3442244;Javier de Viana;Javier de Viana;-30.43314;-56.78489;PPL;1;0
3442245;Jaureguiberry;Jaureguiberry;-34.78606;-55.40455;PPL;2;0
3442248;Ituzaingó;Ituzaingo;-34.85;-56.11667;PPL;10;0
3442249;Ituzaingó;Ituzaingo;-34.42028;-56.42488;PPL;16;0
3442255;Itapebí;Itapebi;-31.28625;-57.70497;PPL;15;0
3442263;Ismael Cortinas;Ismael Cortinas;-33.41667;-57.06667;PPL;4;0
3442285;Isla Patrulla;Isla Patrulla;-32.98333;-54.58333;PPL;19;0
3442308;Ingenio José Serrato;Ingenio Jose Serrato;-33.25;-53.91667;PPL;19;0
3442311;Ingeniero Luis Andreoni;Ingeniero Luis Andreoni;-34.41494;-55.50556;PPL;8;0
3442328;Independencia;Independencia;-34.35167;-56.39833;PPL;7;0
3442336;Illescas;Illescas;-33.6;-55.33333;PPL;7;0
3442345;Hospital;Hospital;-31.68333;-54.65;PPL;13;0
3442359;Horqueta;Horqueta;-34.11667;-53.95;PPL;14;0
3442400;Guerrero;Guerrero;-33.85;-57.68333;PPL;17;0
3442418;Guayabos;Guayabos;-32.26919;-57.31594;PPL;11;0
3442439;Guaviyú;Guaviyu;-31.48333;-54.83333;PPL;13;0
3442450;Gregorio Aznáres;Gregorio Aznares;-34.74657;-55.39673;PPL;9;0
3442453;Grecco;Grecco;-32.81454;-57.04397;PPL;12;0
3442513;González;Gonzalez;-34.22917;-56.87423;PPL;16;0
3442514;González;Gonzalez;-33.08333;-55.96667;PPL;5;0
3442516;Goñi;Goni;-33.51667;-56.4;PPL;7;0
3442517;Goní;Goni;-33.48333;-56.48333;PPL;7;0
3442525;Gervasio;Gervasio;-33.88333;-53.5;PPL;14;0
3442526;Gerona;Gerona;-34.7649;-55.2555;PPL;9;0
3442528;General Enrique Martínez;General Enrique Martinez;-33.20388;-53.80524;PPL;14;0
3442529;Villa General Borges;Villa General Borges;-32.55496;-57.38818;PPL;12;0
3442546;Garzón;Garzon;-34.59132;-54.54502;PPL;9;0
3442551;Garibaldi;Garibaldi;-31.33929;-57.82745;PPL;15;0
3442564;Fray Marcos;Fray Marcos;-34.19388;-55.7345;PPL;7;0
3442570;Franquia;Franquia;-30.13333;-57.63333;PPL;1;0
3442582;Fraile Muerto;Fraile Muerto;-32.51667;-54.53333;PPL;3;0
3442596;Florentino;Florentino;-31.3;-57.13333;PPL;15;0
3442602;Ferrer;Ferrer;-33.48333;-55.56667;PPL;7;0
3442603;Ferreira;Ferreira;-31.10191;-56.95623;PPL;15;0
3442604;Fernández;Fernandez;-32;-54.13333;PPL;3;0
3442611;Federación;Federacion;-32.03194;-57.31175;PPL;11;0
3442629;Falagian;Falagian;-34.36667;-55.16667;PPL;8;0
3442634;Fagúndez;Fagundez;-30.69887;-56.58467;PPL;1;0
3442641;Estanzuela;Estanzuela;-34.3;-57.73333;PPL;4;0
3442654;Estación Migues;Estacion Migues;-34.52428;-55.62506;PPL;2;0
3442661;Espinillo;Espinillo;-33.61667;-58.28333;PPL;17;0
3442665;Espinillar;Espinillar;-33.46667;-54.2;PPL;8;0
3442670;Esperanza;Esperanza;-32.34984;-57.9483;PPL;11;0
3442673;Escudero;Escudero;-34.21667;-57;PPL;16;0
3442682;Empalme Sauce;Empalme Sauce;-34.71528;-56.07333;PPL;2;0
3442684;El Tropiezo;El Tropiezo;-31.4;-57.78333;PPL;15;0
3442685;El Tarugo;El Tarugo;-32;-57.3;PPL;11;0
3442686;El Tala;El Tala;-33.25;-57.33333;PPL;6;0
3442687;El Semillero;El Semillero;-34.41667;-57.73333;PPL;4;0
3442688;Sauce;Sauce;-32.90521;-57.73176;PPL;12;0
3442692;El Maturrango;El Maturrango;-34.06667;-53.93333;PPL;14;0
3442697;El Infiernillo;El Infiernillo;-33.93333;-55.68333;PPL;7;0
3442699;El Hueco;El Hueco;-33.95;-55.85;PPL;7;0
3442700;El Horno;El Horno;-31.9836;-57.48502;PPL;11;0
3442701;El General;El General;-34.4;-57.88333;PPL;4;0
3442702;El Eucalipto;El Eucalipto;-31.89896;-57.26289;PPL;11;0
3442703;El Chajá;El Chaja;-33.01667;-53.95;PPL;19;0
3442704;El Chaco;El Chaco;-32.96667;-55.4;PPL;5;0
3442705;El Chaco;El Chaco;-31.95896;-57.5133;PPL;11;0
3442706;El Cerro;El Cerro;-33.98155;-58.28221;PPL;4;0
3442708;El Ceibo;El Ceibo;-33.51667;-53.78333;PPL;14;0
3442709;El Catete;El Catete;-32.95;-54.21667;PPL;19;0
3442711;El Caño;El Cano;-34.4;-57.66667;PPL;4;0
3442714;Egaña;Egana;-33.60231;-57.62691;PPL;17;0
3442718;Echevarría;Echevarria;-34.53333;-56.31667;PPL;2;0
3442767;Diecinueve de Abril;Diecinueve de Abril;-34.3628;-54.06718;PPL;14;0
3442769;Díaz;Diaz;-33.13333;-54.93333;PPL;8;0
3442779;De los Pastores;De los Pastores;-33.16667;-54.96667;PPL;8;0
3442785;Daymán;Dayman;-31.51241;-57.93571;PPL;15;0
3442786;Villa Darwin;Villa Darwin;-33.11266;-57.63333;PPL;17;0
3442805;Curticeras;Curticeras;-30.96667;-55.55;PPL;13;0
3442812;Cuñapirú;Cunapiru;-31.53333;-55.58333;PPL;13;0
3442819;Cufré;Cufre;-34.19395;-57.10756;PPL;4;0
3442828;Cuchilla Manguera;Cuchilla Manguera;-31.35;-55.38333;PPL;13;0
3442829;Cuchilla Grande;Cuchilla Grande;-32.65;-54.45;PPL;3;0
3442830;Cuchilla de Peralta;Cuchilla de Peralta;-32.43333;-56.35;PPL;18;0
3442831;Cuchilla del Perdido;Cuchilla del Perdido;-33.58333;-57.3;PPL;17;0
3442832;Cuchilla del Ombú;Cuchilla del Ombu;-31.8;-55.7;PPL;18;0
3442833;Cuchilla Caraguatá;Cuchilla Caraguata;-32.23333;-54.98333;PPL;18;0
3442834;Cuchilla Alta;Cuchilla Alta;-34.791;-55.49915;PPL;2;0
3442845;Cuaró;Cuaro;-31.9;-55.13333;PPL;18;0
3442846;Cuaró;Cuaro;-30.6097;-56.90774;PPL;1;0
3442850;Cruz de Piedra;Cruz de Piedra;-32.03333;-54.18333;PPL;3;0
3442851;Cruz de los Caminos;Cruz de los Caminos;-34.63456;-55.9629;PPL;2;0
3442852;Cruz de los Caminos;Cruz de los Caminos;-34.25;-56.68333;PPL;16;0
3442864;Costa de Víboras;Costa de Viboras;-33.93333;-58.16667;PPL;4;0
3442865;Costa de San José;Costa de San Jose;-33.85;-56.88333;PPL;6;0
3442867;Costa Azul;Costa Azul;-34.76524;-55.6588;PPL;2;0
3442870;Cortume;Cortume;-31.78333;-55.15;PPL;13;0
3442879;Correa;Correa;-33.36667;-53.66667;PPL;14;0
3442895;Corrales;Corrales;-33.46667;-54.66667;PPL;8;0
3442899;Corral de Piedra;Corral de Piedra;-33.88333;-56.45;PPL;6;0
3442925;Coronilla;Coronilla;-31.91667;-54.73333;PPL;18;0
3442933;Coquimbo;Coquimbo;-33.45;-57.73333;PPL;17;0
3442942;Constancia;Constancia;-32.20657;-58.00741;PPL;11;0
3442949;Conde;Conde;-32.93333;-57.11667;PPL;12;0
3442958;Conchillas;Conchillas;-34.15222;-58.0125;PPL;4;0
3442980;Colonia Suiza;Colonia Suiza;-34.31667;-57.21667;PPL;4;0
3442983;Colonia Rossell y Rius;Colonia Rossell y Rius;-33.18333;-55.7;PPL;5;0
3442984;Colonia Rosario;Colonia Rosario;-34.41667;-57.28333;PPL;4;0
3442989;Nuevo Paysandú;Nuevo Paysandu;-32.26991;-58.07727;PPL;11;0
3442993;Colonia Lavalleja;Colonia Lavalleja;-31.09386;-57.02332;PPL;15;0
3442999;Colonia Jefferies;Colonia Jefferies;-33.25;-54.33333;PPL;19;0
3443005;Colonia Estrella;Colonia Estrella;-33.96401;-58.28926;PPL;4;0
3443006;Colonia Española;Colonia Espanola;-34.4;-57.16667;PPL;4;0
3443007;Colonia España;Colonia Espana;-30.36451;-57.64274;PPL;1;0
3443009;Colonia Dieciocho de Julio;Colonia Dieciocho de Julio;-31.3579;-57.87492;PPL;15;0
3443010;Colonia Diecinueve de Abril;Colonia Diecinueve de Abril;-32.33333;-57.8;PPL;11;0
3443019;Colonia Arrué;Colonia Arrue;-34.0165;-58.15263;PPL;4;0
3443021;Colonia América;Colonia America;-34.2;-56.98333;PPL;16;0
3443030;Colón;Colon;-34.8;-56.23333;PPL;10;0
3443031;Colón;Colon;-33.87642;-54.72034;PPL;8;0
3443036;Colla;Colla;-34.06667;-57.35;PPL;4;0
3443052;Clara;Clara;-32.23333;-55.73333;PPL;18;0
3443077;Chilcas;Chilcas;-33.55;-55.66667;PPL;7;0
3443112;Chapicuy;Chapicuy;-31.66048;-57.88809;PPL;11;0
3443133;Chamizo;Chamizo;-34.24132;-55.91673;PPL;7;0
3443134;Chamizo;Chamizo;-34.16667;-56.68333;PPL;16;0
3443136;Chamberlain;Chamberlain;-32.61667;-56.48333;PPL;18;0
3443159;Chacarita;Chacarita;-34.85;-56.08333;PPL;10;0
3443160;Cerro Vera;Cerro Vera;-33.18333;-57.46667;PPL;17;0
3443164;Cerros de los Rochas;Cerros de los Rochas;-34.16667;-53.85;PPL;14;0
3443166;Cerros Blancos;Cerros Blancos;-31.76667;-54.8;PPL;13;0
3443169;Cerro Pelado del Este;Cerro Pelado del Este;-31.47055;-55.15377;PPL;13;0
3443178;Cerro de las Cuentas;Cerro de las Cuentas;-32.61667;-54.6;PPL;10;0
3443179;Cerro de las Armas;Cerro de las Armas;-34.06596;-57.72325;PPL;4;0
3443181;Cerro Convento;Cerro Convento;-32.75;-55.65;PPL;5;0
3443189;Cerro Chato;Cerro Chato;-33.1;-55.13333;PPL;19;0
3443190;Cerro Chato;Cerro Chato;-31.86279;-57.54004;PPL;11;0
3443193;Cerro Caqueira;Cerro Caqueira;-30.93333;-55.48333;PPL;13;0
3443194;Cerro Alegre;Cerro Alegre;-33.33333;-57.95;PPL;17;0
3443212;Cerrillada;Cerrillada;-31.65;-56.83333;PPL;15;0
3443213;Cerrillada;Cerrillada;-31.5;-54.71667;PPL;13;0
3443214;Cerrezuelo;Cerrezuelo;-32.76667;-55.43333;PPL;5;0
3443217;Centurión;Centurion;-32.1;-53.75;PPL;3;0
3443253;Ceibal;Ceibal;-32.88333;-55.51667;PPL;5;0
3443261;Pueblo Cayetano;Pueblo Cayetano;-31.23667;-56.76212;PPL;15;0
3443290;Castillos;Castillos;-33.88333;-57.66667;PPL;17;0
3443301;Casa Blanca;Casa Blanca;-32.39684;-58.16151;PPL;11;0
3443326;Carpintería;Carpinteria;-32.83333;-56.18333;PPL;5;0
3443344;Cardozo Chico;Cardozo Chico;-32.4566;-56.30704;PPL;18;0
3443350;Cardoso;Cardoso;-32.63333;-56.35;PPL;18;0
3443365;Caraguatá;Caraguata;-31.78333;-54.75;PPL;13;0
3443372;Caraballo;Caraballo;-32.93333;-57.65;PPL;12;0
3443377;Capurro;Capurro;-34.43662;-56.46447;PPL;16;0
3443389;Capilla del Sauce;Capilla del Sauce;-33.41667;-55.63333;PPL;7;0
3443391;Capilla de Farruco;Capilla de Farruco;-32.88333;-55.41667;PPL;5;0
3443404;Cañitas;Canitas;-32.35;-53.83333;PPL;3;0
3443408;Canepa;Canepa;-34.51667;-55.25;PPL;8;0
3443418;Candil;Candil;-34.06667;-56.3;PPL;7;0
3443437;Cañas;Canas;-31.3;-56.01667;PPL;18;0
3443443;Cañada Sauce;Canada Sauce;-32.46667;-54.31667;PPL;3;0
3443444;Cañada Nieto;Canada Nieto;-33.69874;-58.10903;PPL;17;0
3443445;Cañada del Pueblo;Canada del Pueblo;-31.94269;-57.18306;PPL;11;0
3443446;Cañada del Pueblo;Canada del Pueblo;-31.83333;-57.25;PPL;11;0
3443447;Cañada Chica;Canada Chica;-33.31698;-53.98169;PPL;19;0
3443449;Campo de Todos;Campo de Todos;-31.55959;-57.61399;PPL;15;0
3443458;Campana;Campana;-34.03263;-57.90204;PPL;4;0
3443462;Paso Campamento;Paso Campamento;-30.78904;-56.7818;PPL;1;0
3443463;Came;Came;-33.86667;-57.61667;PPL;17;0
3443470;Cambará;Cambara;-31.11667;-56.46667;PPL;15;0
3443472;Camaño;Camano;-30.56667;-56.88333;PPL;1;0
3443496;Cabo Polonio;Cabo Polonio;-34.4024;-53.78264;PPL;14;0
3443527;Buena Vista;Buena Vista;-32.15;-54.2;PPL;3;0
3443528;Buena Unión;Buena Union;-31.23333;-55.63333;PPL;13;0
3443529;Buena Hora;Buena Hora;-34.07647;-58.13294;PPL;4;0
3443533;Buceo;Buceo;-34.9;-56.13333;PPL;10;0
3443539;Brigadier General Diego Lamas;Brigadier General Diego Lamas;-30.7499;-57.05686;PPL;1;0
3443560;Boné;Bone;-34.03333;-57.83333;PPL;4;0
3443564;Bolívar;Bolivar;-34.22239;-55.72956;PPL;2;0
3443572;Boca del Rosario;Boca del Rosario;-34.4;-57.33333;PPL;4;0
3443574;Blanquillos;Blanquillos;-32.35;-55.83333;PPL;18;0
3443608;Bifurcación;Bifurcacion;-34.31667;-56.8;PPL;16;0
3443610;Biassini;Biassini;-31.2759;-57.12414;PPL;15;0
3443611;Biarritz;Biarritz;-34.79191;-55.51387;PPL;2;0
3443614;Bernabé Rivera;Bernabe Rivera;-30.25;-56.95;PPL;1;0
3443627;Bella Vista;Bella Vista;-34.80218;-55.35692;PPL;9;0
3443628;Bella Vista;Bella Vista;-34.88333;-56.2;PPL;10;0
3443629;Bella Vista;Bella Vista;-34.31667;-57;PPL;16;0
3443632;Bella Italia;Bella Italia;-34.83333;-56.11667;PPL;10;0
3443637;Bellaco;Bellaco;-32.76394;-57.88374;PPL;12;0
3443645;Beisso;Beisso;-32.31529;-57.05322;PPL;11;0
3443650;Baygorria;Baygorria;-32.87676;-56.81343;PPL;5;0
3443663;Barra Tapado;Barra Tapado;-31.6;-56.75;PPL;15;0
3443671;Paso Barrancas;Paso Barrancas;-33.63406;-53.80593;PPL;14;0
3443673;Barra de Maldonado;Barra de Maldonado;-34.86667;-54.86667;PPL;9;0
3443676;Barra del Chuy;Barra del Chuy;-33.75713;-53.39089;PPL;14;0
3443680;Barker;Barker;-34.26667;-57.45;PPL;4;0
3443688;Bañado de Rocha;Banado de Rocha;-31.6;-55.85;PPL;18;0
3443689;Bañado de Rocha;Banado de Rocha;-31.53333;-55.83333;PPL;18;0
3443693;Bañado de Medina;Banado de Medina;-32.38333;-54.35;PPL;3;0
3443700;Solís;Solis;-34.79326;-55.37986;PPL;9;0
3443731;Diecinueve de Junio;Diecinueve de Junio;-33.6102;-54.32994;PPL;14;0
3443753;Artilleros;Artilleros;-34.36667;-57.56667;PPL;4;0
3443760;Arrozal Victoria;Arrozal Victoria;-33.35122;-53.88556;PPL;14;0
3443761;Arrozal Treinta y Tres;Arrozal Treinta y Tres;-33.01667;-53.7;PPL;19;0
3443764;Arroyo Malo;Arroyo Malo;-33.33333;-56.93333;PPL;6;0
3443766;Ismael Cortinas;Ismael Cortinas;-33.96062;-57.08979;PPL;6;0
3443767;Arroyo de la Virgen;Arroyo de la Virgen;-34.13333;-56.4;PPL;7;0
3443769;Arroyo Blanco;Arroyo Blanco;-31.68333;-54.76667;PPL;13;0
3443771;Arriera;Arriera;-32.03333;-54.56667;PPL;18;0
3443785;Argentino;Argentino;-34.79268;-55.45435;PPL;2;0
3443788;Arévalo;Arevalo;-32.63333;-55.11667;PPL;3;0
3443794;Arenitas Blancas;Arenitas Blancas;-31.41613;-57.99997;PPL;15;0
3443799;Arenales;Arenales;-33.71667;-58.26667;PPL;17;0
3443803;Arenal;Arenal;-34.45;-55.78333;PPL;2;0
3443827;Arbolito;Arbolito;-32.65;-54.25;PPL;3;0
3443828;Arbolito;Arbolito;-32.21628;-56.45703;PPL;11;0
3443834;Araújo;Araujo;-32.1;-57.81667;PPL;11;0
3443847;Ansina;Ansina;-31.87836;-55.46482;PPL;11;0
3443859;Andresito;Andresito;-33.16831;-57.12847;PPL;6;0
3443861;Anastasia;Anastasia;-33.21667;-54.38333;PPL;19;0
3443878;Bernabé Rivera;Bernabe Rivera;-30.29793;-56.97093;PPL;1;0
3443880;Algorta;Algorta;-32.42124;-57.38929;PPL;12;0
3443889;Alejandro Gallinal;Alejandro Gallinal;-33.81667;-55.55;PPL;7;0
3443892;Aldecoa;Aldecoa;-33.55;-56.9;PPL;6;0
3443896;Albisu;Albisu;-31.38411;-57.81469;PPL;15;0
3443911;Ahogados;Ahogados;-33.75;-56.46667;PPL;6;0
3443914;Aguirre;Aguirre;-32.36667;-54.76667;PPL;3;0
3443922;Águila;Aguila;-33.6;-57.98333;PPL;17;0
3443923;Águila;Aguila;-32.66667;-53.61667;PPL;3;0
3443927;Aguas Dulces;Aguas Dulces;-34.27448;-53.78206;PPL;14;0
3443929;Aguas Buenas;Aguas Buenas;-32.8;-55.8;PPL;5;0
3443939;Agraciada;Agraciada;-33.80981;-58.26669;PPL;17;0
3443941;Acosta;Acosta;-33.24489;-53.84377;PPL;19;0
3443945;Achiras;Achiras;-33.53333;-54.43333;PPL;8;0
3443948;Achar;Achar;-32.4029;-56.18073;PPL;18;0
3443957;Abrojal;Abrojal;-31.75;-55.01667;PPL;13;0
3473365;Villa Libertad;Villa Libertad;-34.65;-56.6;PPL;16;0
3473789;Ciudad Vieja;Ciudad Vieja;-34.90833;-56.20833;PPL;10;0
3480814;El Dorado;El Dorado;-34.69833;-56.2175;PPL;2;0
3480817;Abayuba;Abayuba;-34.76417;-56.21389;PPL;10;0
3480818;Cap. Juan A. Artigas;Cap. Juan A. Artigas;-34.7625;-56.02056;PPL;2;0
3480819;Villa García;Villa Garcia;-34.78111;-56.05333;PPL;10;0
3480821;Villa Don Bosco;Villa Don Bosco;-34.80306;-56.08583;PPL;10;0
6942085;La Pedrera;La Pedrera;-34.59344;-54.12234;PPL;14;0
7576513;Las Vegas;Las Vegas;-34.66258;-55.82977;PPL;2;0
7602115;La Aguada;La Aguada;-34.63737;-54.16045;PPL;14;0
7602710;Ciudad de la Costa;Ciudad de la Costa;-34.81972;-55.952;PPL;2;0
7627018;Salinas;Salinas;-34.77236;-55.85741;PPL;2;0
7645440;Costa Azul;Costa Azul;-34.62925;-54.15307;PPL;14;0
7645482;Costa Azul;Costa Azul;-34.76182;-55.65854;PPL;2;0
7646991;Palmar;Palmar;-33.06249;-57.46073;PPL;17;0
7669259;Aguas Dulces;Aguas Dulces;-34.27552;-53.7834;PPL;14;0
7729799;Playa Hermosa;Playa Hermosa;-34.83734;-55.30046;PPL;9;0
7731686;Cerro Ejido;Cerro Ejido;-30.42694;-56.46556;PPL;1;0
7838845;Solymar;Solymar;-34.82906;-55.9637;PPL;2;0
7838846;El Bosque;El Bosque;-34.83784;-55.9731;PPL;2;0
7838847;Lagomar;Lagomar;-34.83768;-55.9832;PPL;2;0
7838848;Shangrila;Shangrila;-34.84639;-55.99806;PPL;2;0
7838849;City Park;City Park;-34.85806;-56.00917;PPL;2;0
7914242;Estación Atlántida;Estacion Atlantida;-34.74479;-55.7642;PPL;2;0
7914622;Parque del Plata;Parque del Plata;-34.75871;-55.72077;PPL;2;0
7914699;Villa Argentina;Villa Argentina;-34.76816;-55.77566;PPL;2;0
8057938;Franquía;Franquia;-30.21396;-57.61312;PPL;1;0
8057939;Portones de Hierro y Campodónico;Portones de Hierro y Campodonico;-30.27301;-57.56388;PPL;1;0
8057940;Coronado;Coronado;-30.29785;-57.61119;PPL;1;0
8057961;Ingeniero Agrónomo Alfredo Mones Quintela;Ingeniero Agronomo Alfredo Mones Quintela;-30.37375;-57.66376;PPL;1;0
8057962;Cainsa;Cainsa;-30.38704;-57.61513;PPL;1;0
8058695;Sarandí de Yacuy;Sarandi de Yacuy;-30.74095;-57.62962;PPL;1;0
8058697;Local Feria Don Félix;Local Feria Don Felix;-30.68811;-57.69251;PPL;1;0
8058705;La Garrapata;La Garrapata;-30.60281;-57.34782;PPL;1;0
8058715;Local Feria Itacumbú;Local Feria Itacumbu;-30.4848;-57.41529;PPL;1;0
8058737;Paredón;Paredon;-30.66478;-57.78886;PPL;1;0
8058796;La Azotea;La Azotea;-30.51366;-57.66748;PPL;1;0
8058822;Colonia Viñar;Colonia Vinar;-30.46747;-57.6156;PPL;1;0
8131478;Jaureguiberry;Jaureguiberry;-34.78618;-55.42465;PPL;2;0
8199132;Manantiales;Manantiales;-34.90508;-54.82555;PPL;9;0
8259955;La Barra;La Barra;-34.91571;-54.86388;PPL;9;0
8309066;Yacare;Yacare;-30.59268;-57.41542;PPL;1;0
8358381;Cuareim;Cuareim;-30.22519;-57.56802;PPL;1;0
8469056;Lomas;Lomas;-34.59032;-54.17341;PPL;14;0
8538180;Colonia Palma;Colonia Palma;-30.58416;-57.67796;PPL;1;0
8555964;Sauce de Portezuelo;Sauce de Portezuelo;-34.8729;-55.13961;PPL;9;0
8555965;Punta Ballena;Punta Ballena;-34.88832;-55.0391;PPL;9;0
8555966;Chihuahua;Chihuahua;-34.8741;-55.0888;PPL;9;0
8642827;Barra de Valizas;Barra de Valizas;-34.33594;-53.79582;PPL;14;0
9072742;Jardines de Pando;Jardines de Pando;-34.6861;-55.9656;PPL;2;0
9072748;Malvín Norte;Malvin Norte;-34.881;-56.1168;PPL;10;0
9072749;Las Canteras;Las Canteras;-34.8714;-56.1058;PPL;10;0
9883523;Castillos;Castillos;-34.16168;-53.82202;PPLL;14;0
9883531;Playa Grande;Playa Grande;-34.84977;-55.302;PPL;9;0
10098279;Barros Blancos;Barros Blancos;-34.7524;-56.00259;PPL;2;0
10098303;Ismael Cortinas;Ismael Cortinas;-33.96059;-57.08891;PPL;17;0
10098311;La Casilla;La Casilla;-33.67025;-56.9472;PPL;6;0
10098317;Cerro Colorado;Cerro Colorado;-33.72621;-56.79895;PPL;6;0
10098370;Arenas de José Ignacio;Arenas de Jose Ignacio;-34.82226;-54.62244;PPL;9;0
10098384;Abra de Perdomo;Abra de Perdomo;-34.73965;-54.98638;PPL;9;0
10098391;Barrio Hipódromo;Barrio Hipodromo;-34.86153;-54.94314;PPL;9;0
10098397;Canteras de Marelli;Canteras de Marelli;-34.84354;-54.94512;PPL;9;0
10098401;Cerro Pelado;Cerro Pelado;-34.88153;-54.97674;PPL;9;0
10098411;La Capuera;La Capuera;-34.85414;-55.12897;PPL;9;0
10098414;Ocean Park;Ocean Park;-34.86896;-55.11515;PPL;9;0
10098419;Punta Negra;Punta Negra;-34.88931;-55.21686;PPL;9;0
10098425;Balneario Buenos Aires;Balneario Buenos Aires;-34.8884;-54.79311;PPL;9;0
10098438;Edén Rock;Eden Rock;-34.86502;-54.75582;PPL;9;0
10098447;El Chorro;El Chorro;-34.90205;-54.81281;PPL;9;0
10098449;El Edén;El Eden;-34.63077;-55.05631;PPL;9;0
10098454;El Tesoro;El Tesoro;-34.90328;-54.87019;PPL;9;0
10098500;Santa Mónica;Santa Monica;-34.84973;-54.6993;PPL;9;0
10098508;Sarandí del Mataojo;Sarandi del Mataojo;-34.67275;-55.03818;PPL;9;0
10098514;Zanja del Tigre;Zanja del Tigre;-34.57896;-55.0594;PPL;9;0
10098529;Bella Vista;Bella Vista;-34.80281;-55.3517;PPL;9;0
10098531;Cerros Azules;Cerros Azules;-34.76598;-55.36504;PPL;9;0
10098534;La Sierra;La Sierra;-34.74734;-55.40015;PPL;2;0
10098545;Solís Grande;Solis Grande;-34.71304;-55.43899;PPL;2;0
10098567;La Esmeralda;La Esmeralda;-34.15727;-53.69757;PPL;14;0
10098576;Arachania;Arachania;-34.61484;-54.15067;PPL;14;0
10098585;Diamante de La Pedrera;Diamante de La Pedrera;-34.60255;-54.1411;PPL;14;0
10098586;Punta Rubia;Punta Rubia;-34.57768;-54.12011;PPL;14;0
10098590;Santa Isabel;Santa Isabel;-34.71431;-54.36902;PPL;14;0
10098597;San Antonio;San Antonio;-34.54789;-54.07857;PPL;14;0
10098609;Rincón de Valentín;Rincon de Valentin;-31.28251;-57.20015;PPL;15;0
10098634;Ciudad del Plata;Ciudad del Plata;-34.767;-56.38381;PPL;16;0
10174965;Paso Bonilla;Paso Bonilla;-31.80763;-55.97929;PPL;18;0
10174967;Cruz de los Caminos;Cruz de los Caminos;-32.23255;-54.96705;PPL;18;0
10174968;Balneario Ipora;Balneario Ipora;-31.66653;-55.96397;PPL;18;0
10634558;El Canelón;El Canelon;-34.59571;-54.41582;PPL;14;0
10634561;La Ribiera;La Ribiera;-34.54519;-54.32662;PPL;14;0
10634562;Puerto de los Botes;Puerto de los Botes;-34.54483;-54.31852;PPL;14;0
10634569;Santa Isabel;Santa Isabel;-34.55721;-54.10014;PPL;14;0
10634579;Cuchilla de Gazón;Cuchilla de Gazon;-34.67083;-54.42295;PPL;14;0
10634580;Picada Tolosa;Picada Tolosa;-34.64339;-54.50247;PPL;14;0
10634642;Las Chacras;Las Chacras;-34.45831;-54.29648;PPLL;14;0
10634645;El Caracol;El Caracol;-34.78768;-54.53838;PPL;14;0
10636332;Las Cholgas;Las Cholgas;-33.90773;-53.51411;PPL;14;0
10636405;El Chimango;El Chimango;-33.82563;-54.1952;PPL;14;0
10636492;Los Tacuruses;Los Tacuruses;-33.3626;-53.85496;PPL;14;0
10636508;Puimayen;Puimayen;-33.77411;-53.40925;PPL;8;0
10636535;Palmares de la Coronilla;Palmares de la Coronilla;-33.84669;-53.48277;PPL;14;0
10636630;Las Achiras;Las Achiras;-33.7259;-54.62369;PPL;8;0
10636632;Rincón de Cebollatí;Rincon de Cebollati;-33.65328;-54.45538;PPL;8;0
10636635;Molles de Cañada Grande;Molles de Canada Grande;-33.6221;-54.54265;PPL;8;0
10636660;Poblado Pedro Aramendía;Poblado Pedro Aramendia;-33.63783;-54.61954;PPL;8;0
10637093;El Bellaco;El Bellaco;-33.41398;-54.59318;PPL;19;0
10637102;Alonso;Alonso;-33.41994;-54.38803;PPL;8;0
10637766;Lechiguana de Corrales de Cebollatí;Lechiguana de Corrales de Cebollati;-33.34263;-54.25967;PPL;19;0
10639204;Tres Bocas;Tres Bocas;-33.13954;-53.71824;PPL;19;0
10641276;Los Ceibos;Los Ceibos;-33.18211;-54.22562;PPL;19;0
10641287;Verde Alto;Verde Alto;-33.15839;-54.43931;PPL;19;0
10641288;Bañado de los Olivera;Banado de los Olivera;-33.20238;-54.44018;PPL;19;0
10641674;Rincón de los Francos;Rincon de los Francos;-33.17274;-54.62241;PPL;19;0
10641708;Las Cumbres;Las Cumbres;-34.8468;-55.03166;PPL;9;0
10641879;Abra de Castellanos;Abra de Castellanos;-34.62969;-55.37478;PPL;9;0
10641917;Partido Oeste;Partido Oeste;-34.71879;-54.96102;PPL;9;0
10641918;Guardia Vieja;Guardia Vieja;-34.73632;-55.02359;PPL;9;0
10641919;Los Ceibos;Los Ceibos;-34.76438;-54.96711;PPL;9;0
10642013;El Placer;El Placer;-34.91953;-54.88029;PPL;9;0
10642052;Parque Medina;Parque Medina;-34.79826;-54.89273;PPL;9;0
10642265;Estación José Ignacio;Estacion Jose Ignacio;-34.68895;-54.71182;PPL;9;0
10642314;Puntas de José Ignacio;Puntas de Jose Ignacio;-34.42094;-54.58663;PPL;9;0
10642370;Solís Grande;Solis Grande;-34.47819;-55.53088;PPL;8;0
10642391;La Plata;La Plata;-34.43241;-55.30203;PPL;8;0
10642403;Velázquez;Velazquez;-34.47071;-55.28594;PPL;8;0
10642737;Higueritas;Higueritas;-34.34417;-55.28203;PPL;8;0
10642756;Barrio La Coronilla-Ancap;Barrio La Coronilla-Ancap;-34.39465;-55.29901;PPL;8;0
10642764;Campanero;Campanero;-34.33066;-55.24995;PPL;8;0
10642770;Marco de Los Reyes;Marco de Los Reyes;-34.39185;-54.98519;PPL;8;0
10642831;Sauce de Aiguá;Sauce de Aigua;-34.26165;-54.72641;PPL;9;0
10642886;Paso de Los Talas;Paso de Los Talas;-34.10874;-54.52198;PPL;9;0
10642889;Estación Ortíz;Estacion Ortiz;-34.33978;-55.39332;PPL;8;0
10642890;Estación Solís;Estacion Solis;-34.36629;-55.44781;PPL;8;0
10642894;Villa del Rosario;Villa del Rosario;-34.31119;-55.47596;PPL;8;0
10643034;Puntas de Santa Lucía;Puntas de Santa Lucia;-34.19187;-55.16086;PPL;8;0
10643057;Costas del Soldado;Costas del Soldado;-34.19058;-55.34511;PPL;8;0
10643058;El Soldado;El Soldado;-34.2057;-55.36217;PPL;8;0
10643213;Gaetán;Gaetan;-34.17132;-55.52911;PPL;8;0
10645471;Rincón de Mariscala;Rincon de Mariscala;-33.93474;-54.58557;PPL;8;0
10861463;Sierra del Mar;Sierra del Mar;-34.79169;-55.47013;PPL;2;0
10861464;Guazu-Virá;Guazu-Vira;-34.7655;-55.61261;PPL;2;0
10861465;Bello Horizonte;Bello Horizonte;-34.77098;-55.64065;PPL;2;0
10861466;Fortín de Santa Rosa;Fortin de Santa Rosa;-34.77083;-55.80809;PPL;2;0
10861467;Marindia;Marindia;-34.77433;-55.82406;PPL;2;0
10861468;Estación La Floresta;Estacion La Floresta;-34.73468;-55.68559;PPL;2;0
10861469;Neptunia;Neptunia;-34.78837;-55.87999;PPL;2;0
10861470;Pinamar;Pinamar;-34.78693;-55.85879;PPL;2;0
10861472;El Pinar;El Pinar;-34.79483;-55.88946;PPL;2;0
10861473;Colinas de Solymar;Colinas de Solymar;-34.79366;-55.9144;PPL;2;0
10861474;La Montañesa;La Montanesa;-34.72;-55.87972;PPL;2;0
10861475;La Palmita;La Palmita;-34.68951;-55.80228;PPL;2;0
10861485;Capilla de Cella;Capilla de Cella;-34.69886;-55.51891;PPL;2;0
10861486;Estanque de Pando;Estanque de Pando;-34.70128;-55.96454;PPL;2;0
10861487;Villa Jardín;Villa Jardin;-34.68607;-55.9656;PPL;2;0
10861488;Villa San Cono;Villa San Cono;-34.70279;-55.88762;PPL;2;0
10861489;Estación Pedrera;Estacion Pedrera;-34.61029;-55.8153;PPL;2;0
10861495;Villa Aeroparque;Villa Aeroparque;-34.79129;-55.99573;PPL;2;0
10861498;Villa San José;Villa San Jose;-34.71699;-56.07366;PPL;2;0
10861506;Rincón del Colorado;Rincon del Colorado;-34.68893;-56.33291;PPL;2;0
10861507;Parada Cabrera;Parada Cabrera;-34.62384;-56.2545;PPL;2;0
10861508;Villa Felicidad;Villa Felicidad;-34.64217;-56.24071;PPL;2;0
10861569;Puntas de Pantanoso;Puntas de Pantanoso;-34.54293;-56.06014;PPL;2;0
10861690;Paso de las Toscas;Paso de las Toscas;-34.67168;-56.35408;PPL;2;0
10861691;Cerrillos al Sur;Cerrillos al Sur;-34.63688;-56.35614;PPL;2;0
10861692;Paso del Bote;Paso del Bote;-34.62098;-56.45163;PPL;2;0
10861697;Parador Tajes;Parador Tajes;-34.60848;-56.46726;PPL;2;0
10861701;Paso Palomeque;Paso Palomeque;-34.52211;-56.25464;PPL;2;0
10861705;Costa de Pando;Costa de Pando;-34.56692;-55.97925;PPL;2;0
10861730;Paso Espinosa;Paso Espinosa;-34.49428;-56.27924;PPL;2;0
10861733;La Paloma;La Paloma;-34.48826;-56.15213;PPL;2;0
10861755;Castellanos;Castellanos;-34.37772;-55.95731;PPL;2;0
10861868;Paso de los Novillos;Paso de los Novillos;-34.16603;-56.40115;PPL;7;0
10861910;Berrondo;Berrondo;-34.14737;-56.28121;PPL;7;0
10861916;Juncal;Juncal;-34.09708;-56.18512;PPL;7;0
10861942;Talita;Talita;-33.92522;-56.0422;PPL;7;0
10862537;Estancia Bichadero;Estancia Bichadero;-32.96927;-57.71294;PPL;12;0
10862540;Paso de los Cobres;Paso de los Cobres;-32.94515;-57.55299;PPL;12;0
10862561;La Unión;La Union;-32.8431;-57.91031;PPL;12;0
10862571;El Ombú;El Ombu;-32.85319;-57.45237;PPL;12;0
10862616;El Totoral;El Totoral;-33.43181;-56.97089;PPL;6;0
10862625;Feliciano;Feliciano;-33.18276;-56.81174;PPL;5;0
10862647;El Progreso;El Progreso;-32.73246;-56.94853;PPL;12;0
10862666;La Coronilla;La Coronilla;-32.60977;-56.75319;PPL;12;0
10862710;Tres Quintas;Tres Quintas;-32.69294;-57.97489;PPL;12;0
10862722;Mataojo;Mataojo;-32.64715;-57.25655;PPL;12;0
10862729;Uleste;Uleste;-32.58821;-57.84237;PPL;12;0
10862737;Villa María;Villa Maria;-32.56;-57.37633;PPL;12;0
10862744;Santa Elisa;Santa Elisa;-32.47548;-58.14717;PPL;12;0
10862746;Rabón;Rabon;-32.52616;-57.96888;PPL;11;0
10865074;Valdéz;Valdez;-32.46482;-57.80812;PPL;11;0
10865081;Arroyo Negro;Arroyo Negro;-32.47496;-57.55571;PPL;11;0
10865092;Costa de Sacra;Costa de Sacra;-32.35746;-58.03403;PPL;11;0
10865109;Pandule;Pandule;-32.38458;-57.4629;PPL;11;0
10865144;Alonso;Alonso;-32.39373;-56.7252;PPL;11;0
10865335;Queguay Chico;Queguay Chico;-32.08637;-56.91517;PPL;11;0
10865593;Sauce de Abajo;Sauce de Abajo;-32.12346;-57.64236;PPL;11;0
10865630;Araújo;Araujo;-31.99628;-57.74471;PPL;11;0
10865634;Sauce de Buricayupí;Sauce de Buricayupi;-31.99475;-57.54231;PPL;11;0
10866292;Gallinal;Gallinal;-31.87862;-57.47749;PPL;11;0
10866397;El Empalme;El Empalme;-31.81649;-56.26594;PPL;18;0
10866400;Valle Edén;Valle Eden;-31.82228;-56.17508;PPL;18;0
10866448;Paso del Parque;Paso del Parque;-31.77149;-57.04529;PPL;15;0
10866526;Bella Vista;Bella Vista;-31.66235;-57.71978;PPL;11;0
10866692;Rincón de Freitas;Rincon de Freitas;-31.61195;-56.17279;PPL;18;0
10866703;Termas del Daymán;Termas del Dayman;-31.45264;-57.90794;PPL;15;0
10866732;Puntas de Valentín;Puntas de Valentin;-31.49686;-57.13294;PPL;15;0
10866750;Paso de las Cañas;Paso de las Canas;-31.46428;-56.98638;PPL;15;0
10866757;Carumbé;Carumbe;-31.52306;-56.60372;PPL;15;0
10943547;Boca del Cufré;Boca del Cufre;-34.44232;-57.14762;PPL;16;0
10943548;Brisas del Plata;Brisas del Plata;-34.44277;-57.16926;PPL;4;0
10943549;Santa Regina;Santa Regina;-34.43732;-57.19264;PPL;4;0
10943553;La Boyada;La Boyada;-34.40745;-56.98768;PPL;16;0
10943560;Rincón de Buschental;Rincon de Buschental;-34.58846;-56.52652;PPL;16;0
10943563;Valdéz Chico;Valdez Chico;-34.53084;-56.61865;PPL;16;0
10943567;Radial Ruta Tres;Radial Ruta Tres;-34.55076;-56.76036;PPL;16;0
10943573;Villa María;Villa Maria;-34.51536;-56.76144;PPL;16;0
10943590;La Cuchilla;La Cuchilla;-34.36477;-56.53161;PPL;16;0
10943621;Carreta Quemada;Carreta Quemada;-34.17262;-56.55232;PPL;16;0
10943644;Paso del Guaycurú;Paso del Guaycuru;-33.9849;-56.98436;PPL;16;0
10943661;Puntas del Rosario;Puntas del Rosario;-33.97852;-57.17936;PPL;4;0
10943699;La Concordia;La Concordia;-33.56512;-58.42651;PPL;17;0
10943701;Chacras de Dolores;Chacras de Dolores;-33.55424;-58.21093;PPL;17;0
10943714;Palo Solo;Palo Solo;-33.82885;-58.02352;PPL;17;0
10943729;La Loma;La Loma;-33.42238;-58.303;PPL;17;0
10943734;Las Cañas;Las Canas;-33.16441;-58.35826;PPL;12;0
10943738;Lares;Lares;-33.82827;-57.79047;PPL;17;0
10943739;Pueblo Castillos;Pueblo Castillos;-33.85005;-57.74748;PPL;17;0
10943747;Zagarzazú;Zagarzazu;-33.96354;-58.33093;PPL;4;0
10943749;Belgrano Sur;Belgrano Sur;-33.90905;-58.38106;PPL;4;0
10943750;Belgrano Norte;Belgrano Norte;-33.88143;-58.34832;PPL;4;0
10943752;Polancos;Polancos;-33.87778;-58.27596;PPL;4;0
10943755;Víboras y Vacas;Viboras y Vacas;-33.92932;-58.19841;PPL;4;0
10943757;Juan González;Juan Gonzalez;-34.05863;-58.19202;PPL;4;0
10943760;San Roque;San Roque;-34.03837;-58.06414;PPL;4;0
10943766;Sarandí Campana;Sarandi Campana;-34.0361;-57.95617;PPL;4;0
10943767;Santa Rosa;Santa Rosa;-34.08448;-57.9961;PPL;4;0
10943803;Bizcocho;Bizcocho;-33.43096;-58.13386;PPL;17;0
10943825;Los Arrayanes;Los Arrayanes;-33.23321;-58.03854;PPL;12;0
10943830;Colonia Díaz;Colonia Diaz;-33.32708;-58.03778;PPL;17;0
10943866;Rincón de Cololó;Rincon de Cololo;-33.0455;-57.87219;PPL;17;0
10943905;Cuchilla del Perdido;Cuchilla del Perdido;-33.72022;-57.26049;PPL;17;0
10943911;Juan Jackson;Juan Jackson;-33.91442;-57.22846;PPL;17;0
10943918;Santa Adelaida;Santa Adelaida;-33.76544;-57.15439;PPL;6;0
10943925;Arenal Chico;Arenal Chico;-33.5785;-57.11022;PPL;6;0
10943926;Puntas del Marincho;Puntas del Marincho;-33.52217;-57.04969;PPL;6;0
10943927;Colonia Alemana;Colonia Alemana;-33.46183;-57.02524;PPL;6;0
10943931;El Coronilla;El Coronilla;-33.26079;-57.07701;PPL;6;0
10944566;Barrio Artigas;Barrio Artigas;-31.38749;-57.89955;PPL;15;0
10944567;La Bolsa;La Bolsa;-31.42866;-57.79583;PPL;15;0
10944648;La Pedrera;La Pedrera;-31.7214;-56.01357;PPL;18;0
10944664;Capón de la Yerba;Capon de la Yerba;-31.6164;-56.05016;PPL;18;0
10944673;Parque José Luis;Parque Jose Luis;-31.28962;-57.94296;PPL;15;0
10944685;Colonia Itapebí;Colonia Itapebi;-31.33331;-57.41225;PPL;15;0
10944737;Cerrilladas de Saucedo;Cerrilladas de Saucedo;-31.13925;-57.5206;PPL;15;0
10944745;Paso Nuevo del Arapey;Paso Nuevo del Arapey;-31.12686;-56.66341;PPL;15;0
10944755;Chacras de Constitución;Chacras de Constitucion;-31.07248;-57.7893;PPL;15;0
10944764;Bordenave;Bordenave;-31.08354;-56.6868;PPL;15;0
10944766;Cuchilla de Guaviyú;Cuchilla de Guaviyu;-31.02657;-56.5611;PPL;15;0
10944773;El Espinillar;El Espinillar;-30.95617;-57.84498;PPL;15;0
10944862;Chacras de Belén;Chacras de Belen;-30.80745;-57.77372;PPL;15;0
10944871;Cainsa Campo Tres;Cainsa Campo Tres;-30.4304;-57.73262;PPL;1;0
10944874;Patitas;Patitas;-30.90736;-57.18958;PPL;1;0
10944930;Guayubirá;Guayubira;-30.50457;-56.39326;PPL;1;0
10944943;Colonia Brigadier General Rivera;Colonia Brigadier General Rivera;-30.40482;-56.55363;PPL;1;0
10944947;Pintadito;Pintadito;-30.43219;-56.45675;PPL;1;0